{
    "description": "AMTech M2M Bridge",
    "dap":{
        "dapUrl": "https://dapdev.amtech.mx",
        "userId": "follower_m2mcreator@@amtech.mx",
        "tenant" : "follower_m2mcreator@@amtech.mx",
        "password" :"Test1234"
    },    
    "networkFailed" :{
        "retries" : 5,
        "failedWait" : 3000,
        "reconnectWait" : 180000
    },
    "pluginLoad" :{
        "continueWithError" : true
    },
    "logger" :{
        "colorize" : true,
        "level": "debug"
    },
    "address" :{
        "country" : "usa",
        "city": "irvine",
        "road": "",
        "number":""
    },
    "bridgeId":"m2mBridgeDevelopment",
    "auto-discover":{
        "__oneTime": "oneTime first time the bridge run",
        "oneTime" : true,
        "__instance": "Has a jsonld docuement to create an instance type",
        "SNMPDevice":{"type":"","fromActivity":false, "instance":[{"ipAddress":"1.1.1.1"}]},
        "LLRPDevice":{"fromActivity":false, "instance":[{"ipAddress":"1.1.1.1"}]},
        "__ammount": "amount of instances will be created from activity configuration, if exist at server ignore",
        "MQTTDevice":{"fromActivity":true, "amount": 10}
    }        
}
